Country,Country Code,Indicator Name,Indicator Code,2014,2015,2016,2017,2018
Aruba,ABW,"Government expenditure on education, total (% of government expenditure)",SE.XPD.TOTL.GB.ZS,19.61272,22.85499,,,
Afghanistan,AFG,"Government expenditure on education, total (% of government expenditure)",SE.XPD.TOTL.GB.ZS,14.46593,12.509,16.2117,15.66138,
Angola,AGO,"Government expenditure on education, total (% of government expenditure)",SE.XPD.TOTL.GB.ZS,,,,,
Albania,ALB,"Government expenditure on education, total (% of government expenditure)",SE.XPD.TOTL.GB.ZS,,11.3177,13.59696,7.52363,
Andorra,AND,"Government expenditure on education, total (% of government expenditure)",SE.XPD.TOTL.GB.ZS,9.9616,10.17952,9.66894,18.95694,
Arab World,ARB,"Government expenditure on education, total (% of government expenditure)",SE.XPD.TOTL.GB.ZS,,,,,
United Arab Emirates,ARE,"Government expenditure on education, total (% of government expenditure)",SE.XPD.TOTL.GB.ZS,,,,,
Argentina,ARG,"Government expenditure on education, total (% of government expenditure)",SE.XPD.TOTL.GB.ZS,13.79967,14.03127,13.45118,,
Armenia,ARM,"Government expenditure on education, total (% of government expenditure)",SE.XPD.TOTL.GB.ZS,9.36712,10.65636,10.1972,,
American Samoa,ASM,"Government expenditure on education, total (% of government expenditure)",SE.XPD.TOTL.GB.ZS,,,,,
Antigua and Barbuda,ATG,"Government expenditure on education, total (% of government expenditure)",SE.XPD.TOTL.GB.ZS,,,,,
Australia,AUS,"Government expenditure on education, total (% of government expenditure)",SE.XPD.TOTL.GB.ZS,13.88297,14.08223,,,
Austria,AUT,"Government expenditure on education, total (% of government expenditure)",SE.XPD.TOTL.GB.ZS,10.41331,10.69743,,,
Azerbaijan,AZE,"Government expenditure on education, total (% of government expenditure)",SE.XPD.TOTL.GB.ZS,7.23873,7.63146,8.20115,,
Burundi,BDI,"Government expenditure on education, total (% of government expenditure)",SE.XPD.TOTL.GB.ZS,19.68831,24.21655,20.9095,19.85646,
Belgium,BEL,"Government expenditure on education, total (% of government expenditure)",SE.XPD.TOTL.GB.ZS,12.01905,12.17238,,,
Benin,BEN,"Government expenditure on education, total (% of government expenditure)",SE.XPD.TOTL.GB.ZS,22.22771,17.47952,18.7914,,
Burkina Faso,BFA,"Government expenditure on education, total (% of government expenditure)",SE.XPD.TOTL.GB.ZS,19.36811,18.02708,,,
Bangladesh,BGD,"Government expenditure on education, total (% of government expenditure)",SE.XPD.TOTL.GB.ZS,,,11.41942,,
Bulgaria,BGR,"Government expenditure on education, total (% of government expenditure)",SE.XPD.TOTL.GB.ZS,,,,,
Bahrain,BHR,"Government expenditure on education, total (% of government expenditure)",SE.XPD.TOTL.GB.ZS,8.68403,7.29736,7.50266,,
"Bahamas, The",BHS,"Government expenditure on education, total (% of government expenditure)",SE.XPD.TOTL.GB.ZS,,,,,
Bosnia and Herzegovina,BIH,"Government expenditure on education, total (% of government expenditure)",SE.XPD.TOTL.GB.ZS,,,,,
Belarus,BLR,"Government expenditure on education, total (% of government expenditure)",SE.XPD.TOTL.GB.ZS,12.40672,11.01362,10.79874,11.0986,
Belize,BLZ,"Government expenditure on education, total (% of government expenditure)",SE.XPD.TOTL.GB.ZS,20.91554,21.15392,19.86944,21.68102,
Bermuda,BMU,"Government expenditure on education, total (% of government expenditure)",SE.XPD.TOTL.GB.ZS,7.79644,9.0188,,7.77347,
Bolivia,BOL,"Government expenditure on education, total (% of government expenditure)",SE.XPD.TOTL.GB.ZS,16.8421,,,,
Brazil,BRA,"Government expenditure on education, total (% of government expenditure)",SE.XPD.TOTL.GB.ZS,15.71933,16.24898,,,
Barbados,BRB,"Government expenditure on education, total (% of government expenditure)",SE.XPD.TOTL.GB.ZS,17.45106,,14.14039,12.86344,
Brunei Darussalam,BRN,"Government expenditure on education, total (% of government expenditure)",SE.XPD.TOTL.GB.ZS,9.98591,,11.44361,,
Bhutan,BTN,"Government expenditure on education, total (% of government expenditure)",SE.XPD.TOTL.GB.ZS,17.82422,26.35213,26.18062,24.04098,
Botswana,BWA,"Government expenditure on education, total (% of government expenditure)",SE.XPD.TOTL.GB.ZS,,,,,
Central African Republic,CAF,"Government expenditure on education, total (% of government expenditure)",SE.XPD.TOTL.GB.ZS,,,,,
Canada,CAN,"Government expenditure on education, total (% of government expenditure)",SE.XPD.TOTL.GB.ZS,,,,,
Central Europe and the Baltics,CEB,"Government expenditure on education, total (% of government expenditure)",SE.XPD.TOTL.GB.ZS,11.27432,11.58267,,,
Switzerland,CHE,"Government expenditure on education, total (% of government expenditure)",SE.XPD.TOTL.GB.ZS,15.4618,15.52806,,,
Channel Islands,CHI,"Government expenditure on education, total (% of government expenditure)",SE.XPD.TOTL.GB.ZS,,,,,
Chile,CHL,"Government expenditure on education, total (% of government expenditure)",SE.XPD.TOTL.GB.ZS,19.92072,19.59405,21.17977,,
China,CHN,"Government expenditure on education, total (% of government expenditure)",SE.XPD.TOTL.GB.ZS,,,,,
Cote d'Ivoire,CIV,"Government expenditure on education, total (% of government expenditure)",SE.XPD.TOTL.GB.ZS,21.76678,21.17322,21.27839,18.72894,
Cameroon,CMR,"Government expenditure on education, total (% of government expenditure)",SE.XPD.TOTL.GB.ZS,12.92925,13.24399,12.696,16.41877,
"Congo, Dem. Rep.",COD,"Government expenditure on education, total (% of government expenditure)",SE.XPD.TOTL.GB.ZS,10.55392,11.73837,14.80981,10.75813,
"Congo, Rep.",COG,"Government expenditure on education, total (% of government expenditure)",SE.XPD.TOTL.GB.ZS,7.17715,8.583,,,
Colombia,COL,"Government expenditure on education, total (% of government expenditure)",SE.XPD.TOTL.GB.ZS,15.84515,15.10725,16.11717,15.31722,
Comoros,COM,"Government expenditure on education, total (% of government expenditure)",SE.XPD.TOTL.GB.ZS,18.91154,15.26693,,,
Cabo Verde,CPV,"Government expenditure on education, total (% of government expenditure)",SE.XPD.TOTL.GB.ZS,16.28219,16.74823,17.84301,16.79426,
Costa Rica,CRI,"Government expenditure on education, total (% of government expenditure)",SE.XPD.TOTL.GB.ZS,23.10953,23.37343,23.4232,30.15142,
Caribbean small states,CSS,"Government expenditure on education, total (% of government expenditure)",SE.XPD.TOTL.GB.ZS,21.79749,20.05148,19.14512,18.40254,
Cuba,CUB,"Government expenditure on education, total (% of government expenditure)",SE.XPD.TOTL.GB.ZS,,,,,
Curacao,CUW,"Government expenditure on education, total (% of government expenditure)",SE.XPD.TOTL.GB.ZS,,,,,
Cayman Islands,CYM,"Government expenditure on education, total (% of government expenditure)",SE.XPD.TOTL.GB.ZS,,,,,
Cyprus,CYP,"Government expenditure on education, total (% of government expenditure)",SE.XPD.TOTL.GB.ZS,15.92778,16.27625,,,
Czech Republic,CZE,"Government expenditure on education, total (% of government expenditure)",SE.XPD.TOTL.GB.ZS,9.4578,13.88252,,,
Germany,DEU,"Government expenditure on education, total (% of government expenditure)",SE.XPD.TOTL.GB.ZS,11.13364,10.97507,,,
Djibouti,DJI,"Government expenditure on education, total (% of government expenditure)",SE.XPD.TOTL.GB.ZS,,,,,
Dominica,DMA,"Government expenditure on education, total (% of government expenditure)",SE.XPD.TOTL.GB.ZS,,10.5221,,,
Denmark,DNK,"Government expenditure on education, total (% of government expenditure)",SE.XPD.TOTL.GB.ZS,13.82682,,,,
Dominican Republic,DOM,"Government expenditure on education, total (% of government expenditure)",SE.XPD.TOTL.GB.ZS,,,,,
Algeria,DZA,"Government expenditure on education, total (% of government expenditure)",SE.XPD.TOTL.GB.ZS,,,,,
East Asia & Pacific (excluding high income),EAP,"Government expenditure on education, total (% of government expenditure)",SE.XPD.TOTL.GB.ZS,,,,,
Early-demographic dividend,EAR,"Government expenditure on education, total (% of government expenditure)",SE.XPD.TOTL.GB.ZS,16.530995,,,,
East Asia & Pacific,EAS,"Government expenditure on education, total (% of government expenditure)",SE.XPD.TOTL.GB.ZS,13.036425,,,,
Europe & Central Asia (excluding high income),ECA,"Government expenditure on education, total (% of government expenditure)",SE.XPD.TOTL.GB.ZS,12.764035,11.16566,12.6662,,
Europe & Central Asia,ECS,"Government expenditure on education, total (% of government expenditure)",SE.XPD.TOTL.GB.ZS,12.163095,12.03053,,,
Ecuador,ECU,"Government expenditure on education, total (% of government expenditure)",SE.XPD.TOTL.GB.ZS,12.06831,12.78786,,,
"Egypt, Arab Rep.",EGY,"Government expenditure on education, total (% of government expenditure)",SE.XPD.TOTL.GB.ZS,,,,,
Euro area,EMU,"Government expenditure on education, total (% of government expenditure)",SE.XPD.TOTL.GB.ZS,11.624875,11.62452,,,
Eritrea,ERI,"Government expenditure on education, total (% of government expenditure)",SE.XPD.TOTL.GB.ZS,,,,,
Spain,ESP,"Government expenditure on education, total (% of government expenditure)",SE.XPD.TOTL.GB.ZS,9.54349,9.77104,,,
Estonia,EST,"Government expenditure on education, total (% of government expenditure)",SE.XPD.TOTL.GB.ZS,14.25663,12.9666,,,
Ethiopia,ETH,"Government expenditure on education, total (% of government expenditure)",SE.XPD.TOTL.GB.ZS,25.91838,27.09871,,,
European Union,EUU,"Government expenditure on education, total (% of government expenditure)",SE.XPD.TOTL.GB.ZS,11.62072,11.8066,,,
Fragile and conflict affected situations,FCS,"Government expenditure on education, total (% of government expenditure)",SE.XPD.TOTL.GB.ZS,,,,,
Finland,FIN,"Government expenditure on education, total (% of government expenditure)",SE.XPD.TOTL.GB.ZS,12.30714,12.45831,,,
Fiji,FJI,"Government expenditure on education, total (% of government expenditure)",SE.XPD.TOTL.GB.ZS,,,,,
France,FRA,"Government expenditure on education, total (% of government expenditure)",SE.XPD.TOTL.GB.ZS,9.6625,9.65663,,,
Faroe Islands,FRO,"Government expenditure on education, total (% of government expenditure)",SE.XPD.TOTL.GB.ZS,,,,,
"Micronesia, Fed. Sts.",FSM,"Government expenditure on education, total (% of government expenditure)",SE.XPD.TOTL.GB.ZS,,22.31239,,,
Gabon,GAB,"Government expenditure on education, total (% of government expenditure)",SE.XPD.TOTL.GB.ZS,11.22549,,,,
United Kingdom,GBR,"Government expenditure on education, total (% of government expenditure)",SE.XPD.TOTL.GB.ZS,13.6662,13.8196,13.91173,,
Georgia,GEO,"Government expenditure on education, total (% of government expenditure)",SE.XPD.TOTL.GB.ZS,,,12.6662,12.95336,
Ghana,GHA,"Government expenditure on education, total (% of government expenditure)",SE.XPD.TOTL.GB.ZS,20.98514,23.8088,22.09332,20.17011,
Gibraltar,GIB,"Government expenditure on education, total (% of government expenditure)",SE.XPD.TOTL.GB.ZS,,,,,
Guinea,GIN,"Government expenditure on education, total (% of government expenditure)",SE.XPD.TOTL.GB.ZS,11.98951,11.59878,15.76886,14.37958,
"Gambia, The",GMB,"Government expenditure on education, total (% of government expenditure)",SE.XPD.TOTL.GB.ZS,11.75232,,10.35779,,
Guinea-Bissau,GNB,"Government expenditure on education, total (% of government expenditure)",SE.XPD.TOTL.GB.ZS,,,,,
Equatorial Guinea,GNQ,"Government expenditure on education, total (% of government expenditure)",SE.XPD.TOTL.GB.ZS,,,,,
Greece,GRC,"Government expenditure on education, total (% of government expenditure)",SE.XPD.TOTL.GB.ZS,,,,,
Grenada,GRD,"Government expenditure on education, total (% of government expenditure)",SE.XPD.TOTL.GB.ZS,,,42.78863,,
Greenland,GRL,"Government expenditure on education, total (% of government expenditure)",SE.XPD.TOTL.GB.ZS,,,,,
Guatemala,GTM,"Government expenditure on education, total (% of government expenditure)",SE.XPD.TOTL.GB.ZS,21.95939,24.0855,23.43475,23.12414,
Guam,GUM,"Government expenditure on education, total (% of government expenditure)",SE.XPD.TOTL.GB.ZS,,,,,
Guyana,GUY,"Government expenditure on education, total (% of government expenditure)",SE.XPD.TOTL.GB.ZS,0.01874,0.0178,0.01872,0.01826,
High income,HIC,"Government expenditure on education, total (% of government expenditure)",SE.XPD.TOTL.GB.ZS,12.88142,12.712455,,,
"Hong Kong SAR, China",HKG,"Government expenditure on education, total (% of government expenditure)",SE.XPD.TOTL.GB.ZS,17.6204,18.60857,18.12696,17.84128,
Honduras,HND,"Government expenditure on education, total (% of government expenditure)",SE.XPD.TOTL.GB.ZS,,24.64456,22.93573,21.69259,
Heavily indebted poor countries (HIPC),HPC,"Government expenditure on education, total (% of government expenditure)",SE.XPD.TOTL.GB.ZS,17.2971,17.47952,15.99131,,
Croatia,HRV,"Government expenditure on education, total (% of government expenditure)",SE.XPD.TOTL.GB.ZS,,,,,
Haiti,HTI,"Government expenditure on education, total (% of government expenditure)",SE.XPD.TOTL.GB.ZS,,14.44943,13.10925,,
Hungary,HUN,"Government expenditure on education, total (% of government expenditure)",SE.XPD.TOTL.GB.ZS,9.50568,9.24059,,,
IBRD only,IBD,"Government expenditure on education, total (% of government expenditure)",SE.XPD.TOTL.GB.ZS,,,,,
IDA & IBRD total,IBT,"Government expenditure on education, total (% of government expenditure)",SE.XPD.TOTL.GB.ZS,16.11058,16.60156,,,
IDA total,IDA,"Government expenditure on education, total (% of government expenditure)",SE.XPD.TOTL.GB.ZS,16.70753,16.66499,16.101505,,
IDA blend,IDB,"Government expenditure on education, total (% of government expenditure)",SE.XPD.TOTL.GB.ZS,12.92925,13.215635,15.062955,,
Indonesia,IDN,"Government expenditure on education, total (% of government expenditure)",SE.XPD.TOTL.GB.ZS,17.67152,20.5033,,,
IDA only,IDX,"Government expenditure on education, total (% of government expenditure)",SE.XPD.TOTL.GB.ZS,17.2971,16.98966,16.101505,,
Isle of Man,IMN,"Government expenditure on education, total (% of government expenditure)",SE.XPD.TOTL.GB.ZS,,,,,
India,IND,"Government expenditure on education, total (% of government expenditure)",SE.XPD.TOTL.GB.ZS,,,,,
Not classified,INX,"Government expenditure on education, total (% of government expenditure)",SE.XPD.TOTL.GB.ZS,,,,,
Ireland,IRL,"Government expenditure on education, total (% of government expenditure)",SE.XPD.TOTL.GB.ZS,13.01969,13.07105,,,
"Iran, Islamic Rep.",IRN,"Government expenditure on education, total (% of government expenditure)",SE.XPD.TOTL.GB.ZS,19.66486,18.56875,19.30131,20.04203,
Iraq,IRQ,"Government expenditure on education, total (% of government expenditure)",SE.XPD.TOTL.GB.ZS,,,,,
Iceland,ISL,"Government expenditure on education, total (% of government expenditure)",SE.XPD.TOTL.GB.ZS,,18.15801,,,
Israel,ISR,"Government expenditure on education, total (% of government expenditure)",SE.XPD.TOTL.GB.ZS,14.46036,15.04403,,,
Italy,ITA,"Government expenditure on education, total (% of government expenditure)",SE.XPD.TOTL.GB.ZS,8.00604,8.11298,,,
Jamaica,JAM,"Government expenditure on education, total (% of government expenditure)",SE.XPD.TOTL.GB.ZS,21.79749,20.05148,19.14512,18.40254,
Jordan,JOR,"Government expenditure on education, total (% of government expenditure)",SE.XPD.TOTL.GB.ZS,,,13.47245,11.74613,
Japan,JPN,"Government expenditure on education, total (% of government expenditure)",SE.XPD.TOTL.GB.ZS,9.09332,,9.13113,,
Kazakhstan,KAZ,"Government expenditure on education, total (% of government expenditure)",SE.XPD.TOTL.GB.ZS,,12.19487,13.86935,,
Kenya,KEN,"Government expenditure on education, total (% of government expenditure)",SE.XPD.TOTL.GB.ZS,17.08103,16.66466,17.33743,16.87441,
Kyrgyz Republic,KGZ,"Government expenditure on education, total (% of government expenditure)",SE.XPD.TOTL.GB.ZS,15.84819,16.27362,17.44958,18.50447,
Cambodia,KHM,"Government expenditure on education, total (% of government expenditure)",SE.XPD.TOTL.GB.ZS,9.09353,,,,
Kiribati,KIR,"Government expenditure on education, total (% of government expenditure)",SE.XPD.TOTL.GB.ZS,,,,,
St. Kitts and Nevis,KNA,"Government expenditure on education, total (% of government expenditure)",SE.XPD.TOTL.GB.ZS,,8.6355,,,
"Korea, Rep.",KOR,"Government expenditure on education, total (% of government expenditure)",SE.XPD.TOTL.GB.ZS,,,,,
Kuwait,KWT,"Government expenditure on education, total (% of government expenditure)",SE.XPD.TOTL.GB.ZS,,,,,
Latin America & Caribbean (excluding high income),LAC,"Government expenditure on education, total (% of government expenditure)",SE.XPD.TOTL.GB.ZS,16.8421,18.126245,18.03695,,
Lao PDR,LAO,"Government expenditure on education, total (% of government expenditure)",SE.XPD.TOTL.GB.ZS,12.18988,,,,
Lebanon,LBN,"Government expenditure on education, total (% of government expenditure)",SE.XPD.TOTL.GB.ZS,,,,,
Liberia,LBR,"Government expenditure on education, total (% of government expenditure)",SE.XPD.TOTL.GB.ZS,6.89349,7.22077,7.01118,6.97225,
Libya,LBY,"Government expenditure on education, total (% of government expenditure)",SE.XPD.TOTL.GB.ZS,,,,,
St. Lucia,LCA,"Government expenditure on education, total (% of government expenditure)",SE.XPD.TOTL.GB.ZS,15.30152,16.52716,22.38194,,
Latin America & Caribbean,LCN,"Government expenditure on education, total (% of government expenditure)",SE.XPD.TOTL.GB.ZS,16.8421,18.126245,18.03695,,
Least developed countries: UN classification,LDC,"Government expenditure on education, total (% of government expenditure)",SE.XPD.TOTL.GB.ZS,15.712885,,,,
Low income,LIC,"Government expenditure on education, total (% of government expenditure)",SE.XPD.TOTL.GB.ZS,17.344255,16.814335,15.76886,,
Liechtenstein,LIE,"Government expenditure on education, total (% of government expenditure)",SE.XPD.TOTL.GB.ZS,,,,,
Sri Lanka,LKA,"Government expenditure on education, total (% of government expenditure)",SE.XPD.TOTL.GB.ZS,10.82396,10.95026,17.72876,14.49976,
Lower middle income,LMC,"Government expenditure on education, total (% of government expenditure)",SE.XPD.TOTL.GB.ZS,15.979385,,,,
Low & middle income,LMY,"Government expenditure on education, total (% of government expenditure)",SE.XPD.TOTL.GB.ZS,16.165235,16.63311,,,
Lesotho,LSO,"Government expenditure on education, total (% of government expenditure)",SE.XPD.TOTL.GB.ZS,,,,,
Late-demographic dividend,LTE,"Government expenditure on education, total (% of government expenditure)",SE.XPD.TOTL.GB.ZS,14.1145,13.018825,,,
Lithuania,LTU,"Government expenditure on education, total (% of government expenditure)",SE.XPD.TOTL.GB.ZS,13.19014,12.28826,,,
Luxembourg,LUX,"Government expenditure on education, total (% of government expenditure)",SE.XPD.TOTL.GB.ZS,9.55735,9.44376,,,
Latvia,LVA,"Government expenditure on education, total (% of government expenditure)",SE.XPD.TOTL.GB.ZS,13.97237,14.12741,,,
"Macao SAR, China",MAC,"Government expenditure on education, total (% of government expenditure)",SE.XPD.TOTL.GB.ZS,13.39207,13.3741,13.51698,,
St. Martin (French part),MAF,"Government expenditure on education, total (% of government expenditure)",SE.XPD.TOTL.GB.ZS,,,,,
Morocco,MAR,"Government expenditure on education, total (% of government expenditure)",SE.XPD.TOTL.GB.ZS,,,,,
Monaco,MCO,"Government expenditure on education, total (% of government expenditure)",SE.XPD.TOTL.GB.ZS,5.00886,,6.59655,6.98063,
Moldova,MDA,"Government expenditure on education, total (% of government expenditure)",SE.XPD.TOTL.GB.ZS,18.7651,,18.49182,,
Madagascar,MDG,"Government expenditure on education, total (% of government expenditure)",SE.XPD.TOTL.GB.ZS,18.96677,16.96368,,,
Maldives,MDV,"Government expenditure on education, total (% of government expenditure)",SE.XPD.TOTL.GB.ZS,10.19021,12.67215,11.12323,,
Middle East & North Africa,MEA,"Government expenditure on education, total (% of government expenditure)",SE.XPD.TOTL.GB.ZS,,,,,
Mexico,MEX,"Government expenditure on education, total (% of government expenditure)",SE.XPD.TOTL.GB.ZS,18.80779,19.01875,,,
Marshall Islands,MHL,"Government expenditure on education, total (% of government expenditure)",SE.XPD.TOTL.GB.ZS,,,,,
Middle income,MIC,"Government expenditure on education, total (% of government expenditure)",SE.XPD.TOTL.GB.ZS,15.84667,,,,
North Macedonia,MKD,"Government expenditure on education, total (% of government expenditure)",SE.XPD.TOTL.GB.ZS,,,,,
Mali,MLI,"Government expenditure on education, total (% of government expenditure)",SE.XPD.TOTL.GB.ZS,18.22426,18.15549,,,
Malta,MLT,"Government expenditure on education, total (% of government expenditure)",SE.XPD.TOTL.GB.ZS,17.53777,13.15089,,,
Myanmar,MMR,"Government expenditure on education, total (% of government expenditure)",SE.XPD.TOTL.GB.ZS,,,,10.15233,
Middle East & North Africa (excluding high income),MNA,"Government expenditure on education, total (% of government expenditure)",SE.XPD.TOTL.GB.ZS,,,,,
Montenegro,MNE,"Government expenditure on education, total (% of government expenditure)",SE.XPD.TOTL.GB.ZS,,,,,
Mongolia,MNG,"Government expenditure on education, total (% of government expenditure)",SE.XPD.TOTL.GB.ZS,12.07037,12.42683,12.78848,13.49122,
Northern Mariana Islands,MNP,"Government expenditure on education, total (% of government expenditure)",SE.XPD.TOTL.GB.ZS,,,,,
Mozambique,MOZ,"Government expenditure on education, total (% of government expenditure)",SE.XPD.TOTL.GB.ZS,,,,,
Mauritania,MRT,"Government expenditure on education, total (% of government expenditure)",SE.XPD.TOTL.GB.ZS,,,9.33055,,
Mauritius,MUS,"Government expenditure on education, total (% of government expenditure)",SE.XPD.TOTL.GB.ZS,20.90518,19.46995,19.9757,19.87695,
Malawi,MWI,"Government expenditure on education, total (% of government expenditure)",SE.XPD.TOTL.GB.ZS,16.33403,21.55158,17.16185,14.34011,
Malaysia,MYS,"Government expenditure on education, total (% of government expenditure)",SE.XPD.TOTL.GB.ZS,19.80056,19.81079,20.69582,,
North America,NAC,"Government expenditure on education, total (% of government expenditure)",SE.XPD.TOTL.GB.ZS,13.45188,,,,
Namibia,NAM,"Government expenditure on education, total (% of government expenditure)",SE.XPD.TOTL.GB.ZS,7.64146,,,,
New Caledonia,NCL,"Government expenditure on education, total (% of government expenditure)",SE.XPD.TOTL.GB.ZS,,,,,
Niger,NER,"Government expenditure on education, total (% of government expenditure)",SE.XPD.TOTL.GB.ZS,21.6615,18.51086,18.27405,16.59593,
Nigeria,NGA,"Government expenditure on education, total (% of government expenditure)",SE.XPD.TOTL.GB.ZS,,,,,
Nicaragua,NIC,"Government expenditure on education, total (% of government expenditure)",SE.XPD.TOTL.GB.ZS,19.31385,18.6543,17.91958,,
Netherlands,NLD,"Government expenditure on education, total (% of government expenditure)",SE.XPD.TOTL.GB.ZS,11.97543,12.03053,,,
Norway,NOR,"Government expenditure on education, total (% of government expenditure)",SE.XPD.TOTL.GB.ZS,17.04803,15.72882,,,
Nepal,NPL,"Government expenditure on education, total (% of government expenditure)",SE.XPD.TOTL.GB.ZS,18.28129,16.98966,19.1285,15.89729,
Nauru,NRU,"Government expenditure on education, total (% of government expenditure)",SE.XPD.TOTL.GB.ZS,,,,,
New Zealand,NZL,"Government expenditure on education, total (% of government expenditure)",SE.XPD.TOTL.GB.ZS,18.06239,18.12548,18.30293,,
OECD members,OED,"Government expenditure on education, total (% of government expenditure)",SE.XPD.TOTL.GB.ZS,13.01969,12.648635,,,
Oman,OMN,"Government expenditure on education, total (% of government expenditure)",SE.XPD.TOTL.GB.ZS,,,12.07997,15.96524,
Other small states,OSS,"Government expenditure on education, total (% of government expenditure)",SE.XPD.TOTL.GB.ZS,12.247735,,,,
Pakistan,PAK,"Government expenditure on education, total (% of government expenditure)",SE.XPD.TOTL.GB.ZS,11.30066,13.18728,12.60315,13.84731,
Panama,PAN,"Government expenditure on education, total (% of government expenditure)",SE.XPD.TOTL.GB.ZS,,,,,
Peru,PER,"Government expenditure on education, total (% of government expenditure)",SE.XPD.TOTL.GB.ZS,16.21989,17.59819,17.84879,18.11489,
Philippines,PHL,"Government expenditure on education, total (% of government expenditure)",SE.XPD.TOTL.GB.ZS,,,,,
Palau,PLW,"Government expenditure on education, total (% of government expenditure)",SE.XPD.TOTL.GB.ZS,,,,,
Papua New Guinea,PNG,"Government expenditure on education, total (% of government expenditure)",SE.XPD.TOTL.GB.ZS,,,,,
Poland,POL,"Government expenditure on education, total (% of government expenditure)",SE.XPD.TOTL.GB.ZS,11.62072,11.58267,,,
Pre-demographic dividend,PRE,"Government expenditure on education, total (% of government expenditure)",SE.XPD.TOTL.GB.ZS,16.33403,16.66499,15.880085,,
Puerto Rico,PRI,"Government expenditure on education, total (% of government expenditure)",SE.XPD.TOTL.GB.ZS,,,,,
"Korea, Dem. People’s Rep.",PRK,"Government expenditure on education, total (% of government expenditure)",SE.XPD.TOTL.GB.ZS,,,,,
Portugal,PRT,"Government expenditure on education, total (% of government expenditure)",SE.XPD.TOTL.GB.ZS,9.89673,10.13045,,,
Paraguay,PRY,"Government expenditure on education, total (% of government expenditure)",SE.XPD.TOTL.GB.ZS,,,18.15432,,
West Bank and Gaza,PSE,"Government expenditure on education, total (% of government expenditure)",SE.XPD.TOTL.GB.ZS,,,,,
Pacific island small states,PSS,"Government expenditure on education, total (% of government expenditure)",SE.XPD.TOTL.GB.ZS,,,,,
Post-demographic dividend,PST,"Government expenditure on education, total (% of government expenditure)",SE.XPD.TOTL.GB.ZS,12.30714,12.17238,,,
French Polynesia,PYF,"Government expenditure on education, total (% of government expenditure)",SE.XPD.TOTL.GB.ZS,,,,,
Qatar,QAT,"Government expenditure on education, total (% of government expenditure)",SE.XPD.TOTL.GB.ZS,12.74315,,,8.88238,
Romania,ROU,"Government expenditure on education, total (% of government expenditure)",SE.XPD.TOTL.GB.ZS,9.23572,9.07624,,,
Russian Federation,RUS,"Government expenditure on education, total (% of government expenditure)",SE.XPD.TOTL.GB.ZS,,10.86947,,,
Rwanda,RWA,"Government expenditure on education, total (% of government expenditure)",SE.XPD.TOTL.GB.ZS,13.73432,12.53905,12.27839,11.07961,
South Asia,SAS,"Government expenditure on education, total (% of government expenditure)",SE.XPD.TOTL.GB.ZS,12.883295,12.84814,16.2117,15.08057,
Saudi Arabia,SAU,"Government expenditure on education, total (% of government expenditure)",SE.XPD.TOTL.GB.ZS,,,,,
Sudan,SDN,"Government expenditure on education, total (% of government expenditure)",SE.XPD.TOTL.GB.ZS,,,,,
Senegal,SEN,"Government expenditure on education, total (% of government expenditure)",SE.XPD.TOTL.GB.ZS,24.76247,23.75856,21.33722,21.57608,
Singapore,SGP,"Government expenditure on education, total (% of government expenditure)",SE.XPD.TOTL.GB.ZS,,,,,
Solomon Islands,SLB,"Government expenditure on education, total (% of government expenditure)",SE.XPD.TOTL.GB.ZS,,,,,
Sierra Leone,SLE,"Government expenditure on education, total (% of government expenditure)",SE.XPD.TOTL.GB.ZS,15.09174,,12.47358,19.80397,
El Salvador,SLV,"Government expenditure on education, total (% of government expenditure)",SE.XPD.TOTL.GB.ZS,16.11058,16.60156,16.1132,,
San Marino,SMR,"Government expenditure on education, total (% of government expenditure)",SE.XPD.TOTL.GB.ZS,,,,,
Somalia,SOM,"Government expenditure on education, total (% of government expenditure)",SE.XPD.TOTL.GB.ZS,,,,,
Serbia,SRB,"Government expenditure on education, total (% of government expenditure)",SE.XPD.TOTL.GB.ZS,9.10161,9.19163,8.99445,,
Sub-Saharan Africa (excluding high income),SSA,"Government expenditure on education, total (% of government expenditure)",SE.XPD.TOTL.GB.ZS,17.344255,17.47952,,,
South Sudan,SSD,"Government expenditure on education, total (% of government expenditure)",SE.XPD.TOTL.GB.ZS,4.13136,3.27551,0.8457,1.0058,
Sub-Saharan Africa,SSF,"Government expenditure on education, total (% of government expenditure)",SE.XPD.TOTL.GB.ZS,17.344255,17.47952,,,
Small states,SST,"Government expenditure on education, total (% of government expenditure)",SE.XPD.TOTL.GB.ZS,12.74315,,,,
Sao Tome and Principe,STP,"Government expenditure on education, total (% of government expenditure)",SE.XPD.TOTL.GB.ZS,12.3226,11.29725,15.96804,2.00E-05,
Suriname,SUR,"Government expenditure on education, total (% of government expenditure)",SE.XPD.TOTL.GB.ZS,,,,,
Slovak Republic,SVK,"Government expenditure on education, total (% of government expenditure)",SE.XPD.TOTL.GB.ZS,10.06451,10.27825,,,
Slovenia,SVN,"Government expenditure on education, total (% of government expenditure)",SE.XPD.TOTL.GB.ZS,11.27432,11.21851,,,
Sweden,SWE,"Government expenditure on education, total (% of government expenditure)",SE.XPD.TOTL.GB.ZS,15.32981,15.50328,,,
Eswatini,SWZ,"Government expenditure on education, total (% of government expenditure)",SE.XPD.TOTL.GB.ZS,24.94522,,,,
Sint Maarten (Dutch part),SXM,"Government expenditure on education, total (% of government expenditure)",SE.XPD.TOTL.GB.ZS,,,,,
Seychelles,SYC,"Government expenditure on education, total (% of government expenditure)",SE.XPD.TOTL.GB.ZS,12.08458,,11.72343,,
Syrian Arab Republic,SYR,"Government expenditure on education, total (% of government expenditure)",SE.XPD.TOTL.GB.ZS,,,,,
Turks and Caicos Islands,TCA,"Government expenditure on education, total (% of government expenditure)",SE.XPD.TOTL.GB.ZS,,14.26222,,,
Chad,TCD,"Government expenditure on education, total (% of government expenditure)",SE.XPD.TOTL.GB.ZS,,,,,
East Asia & Pacific (IDA & IBRD countries),TEA,"Government expenditure on education, total (% of government expenditure)",SE.XPD.TOTL.GB.ZS,12.130125,,,,
Europe & Central Asia (IDA & IBRD countries),TEC,"Government expenditure on education, total (% of government expenditure)",SE.XPD.TOTL.GB.ZS,12.40672,11.3177,12.6662,,
Togo,TGO,"Government expenditure on education, total (% of government expenditure)",SE.XPD.TOTL.GB.ZS,17.39141,16.66499,15.99131,,
Thailand,THA,"Government expenditure on education, total (% of government expenditure)",SE.XPD.TOTL.GB.ZS,,,,,
Tajikistan,TJK,"Government expenditure on education, total (% of government expenditure)",SE.XPD.TOTL.GB.ZS,,16.44339,,,
Turkmenistan,TKM,"Government expenditure on education, total (% of government expenditure)",SE.XPD.TOTL.GB.ZS,,,,,
Latin America & the Caribbean (IDA & IBRD countries),TLA,"Government expenditure on education, total (% of government expenditure)",SE.XPD.TOTL.GB.ZS,16.8421,18.126245,18.03695,,
Timor-Leste,TLS,"Government expenditure on education, total (% of government expenditure)",SE.XPD.TOTL.GB.ZS,6.67724,,,,
Middle East & North Africa (IDA & IBRD countries),TMN,"Government expenditure on education, total (% of government expenditure)",SE.XPD.TOTL.GB.ZS,,,,,
Tonga,TON,"Government expenditure on education, total (% of government expenditure)",SE.XPD.TOTL.GB.ZS,,,,,
South Asia (IDA & IBRD),TSA,"Government expenditure on education, total (% of government expenditure)",SE.XPD.TOTL.GB.ZS,12.883295,12.84814,16.2117,15.08057,
Sub-Saharan Africa (IDA & IBRD countries),TSS,"Government expenditure on education, total (% of government expenditure)",SE.XPD.TOTL.GB.ZS,17.344255,17.47952,,,
Trinidad and Tobago,TTO,"Government expenditure on education, total (% of government expenditure)",SE.XPD.TOTL.GB.ZS,,,,,
Tunisia,TUN,"Government expenditure on education, total (% of government expenditure)",SE.XPD.TOTL.GB.ZS,,22.89854,,,
Turkey,TUR,"Government expenditure on education, total (% of government expenditure)",SE.XPD.TOTL.GB.ZS,13.13256,12.83896,,,
Tuvalu,TUV,"Government expenditure on education, total (% of government expenditure)",SE.XPD.TOTL.GB.ZS,,,,,
Tanzania,TZA,"Government expenditure on education, total (% of government expenditure)",SE.XPD.TOTL.GB.ZS,17.2971,,,,
Uganda,UGA,"Government expenditure on education, total (% of government expenditure)",SE.XPD.TOTL.GB.ZS,10.87596,12.13618,11.37934,12.13898,
Ukraine,UKR,"Government expenditure on education, total (% of government expenditure)",SE.XPD.TOTL.GB.ZS,13.12135,,12.3562,,
Upper middle income,UMC,"Government expenditure on education, total (% of government expenditure)",SE.XPD.TOTL.GB.ZS,15.78224,15.10725,,,
Uruguay,URY,"Government expenditure on education, total (% of government expenditure)",SE.XPD.TOTL.GB.ZS,,,,,
United States,USA,"Government expenditure on education, total (% of government expenditure)",SE.XPD.TOTL.GB.ZS,13.45188,,,,
Uzbekistan,UZB,"Government expenditure on education, total (% of government expenditure)",SE.XPD.TOTL.GB.ZS,22.87459,20.91099,21.76387,19.24201,
St. Vincent and the Grenadines,VCT,"Government expenditure on education, total (% of government expenditure)",SE.XPD.TOTL.GB.ZS,,,20.14841,18.6039,
"Venezuela, RB",VEN,"Government expenditure on education, total (% of government expenditure)",SE.XPD.TOTL.GB.ZS,,,,,
British Virgin Islands,VGB,"Government expenditure on education, total (% of government expenditure)",SE.XPD.TOTL.GB.ZS,,,,,
Virgin Islands (U.S.),VIR,"Government expenditure on education, total (% of government expenditure)",SE.XPD.TOTL.GB.ZS,,,,,
Vietnam,VNM,"Government expenditure on education, total (% of government expenditure)",SE.XPD.TOTL.GB.ZS,,,,,
Vanuatu,VUT,"Government expenditure on education, total (% of government expenditure)",SE.XPD.TOTL.GB.ZS,17.25246,12.9964,,11.78265,
World,WLD,"Government expenditure on education, total (% of government expenditure)",SE.XPD.TOTL.GB.ZS,13.854895,14.10482,,,
Samoa,WSM,"Government expenditure on education, total (% of government expenditure)",SE.XPD.TOTL.GB.ZS,,,10.47922,,
Kosovo,XKX,"Government expenditure on education, total (% of government expenditure)",SE.XPD.TOTL.GB.ZS,,,,,
"Yemen, Rep.",YEM,"Government expenditure on education, total (% of government expenditure)",SE.XPD.TOTL.GB.ZS,,,,,
South Africa,ZAF,"Government expenditure on education, total (% of government expenditure)",SE.XPD.TOTL.GB.ZS,19.13845,18.69935,18.04952,18.72744,
Zambia,ZMB,"Government expenditure on education, total (% of government expenditure)",SE.XPD.TOTL.GB.ZS,,,,,
Zimbabwe,ZWE,"Government expenditure on education, total (% of government expenditure)",SE.XPD.TOTL.GB.ZS,30.00762,,,,
